codProposicao,nomeProposicao,dataVotacao
271219,PL 4529/2004,09/07/2013
302638,PL 6025/2005,05/11/2013
334331,PL 7495/2006,23/10/2013
343930,PL 323/2007,10/07/2013
343930,PL 323/2007,10/07/2013
347880,PL 708/2007,02/04/2013
483808,PL 7663/2010,22/05/2013
483808,PL 7663/2010,22/05/2013
537784,PL 3471/2012,24/09/2013
556261,PL 4470/2012,17/04/2013
556261,PL 4470/2012,17/04/2013
556261,PL 4470/2012,17/04/2013
556261,PL 4470/2012,17/04/2013
556261,PL 4470/2012,17/04/2013
556261,PL 4470/2012,17/04/2013
556261,PL 4470/2012,17/04/2013
556261,PL 4470/2012,23/04/2013
564113,PL 4904/2012,20/03/2013
564113,PL 4904/2012,11/04/2013
586411,PL 6053/2013,01/10/2013
592935,PL 6397/2013,01/10/2013
592935,PL 6397/2013,02/10/2013
592935,PL 6397/2013,15/10/2013
592935,PL 6397/2013,16/10/2013
592935,PL 6397/2013,16/10/2013
592935,PL 6397/2013,16/10/2013
592935,PL 6397/2013,22/10/2013
592935,PL 6397/2013,22/10/2013
19319,PL 3232/1992,10/06/2014
302638,PL 6025/2005,04/02/2014
302638,PL 6025/2005,11/02/2014
490116,PL 8035/2010,03/06/2014
552295,PL 4246/2012,29/04/2014
600255,PL 6738/2013,26/03/2014
601914,PL 6809/2013,26/03/2014
619150,PL 7735/2014,17/12/2014
18180,PL 2479/2000,20/08/2015
18216,PL 2505/2000,23/04/2015
267841,PL 4330/2004,08/04/2015
267841,PL 4330/2004,08/04/2015
267841,PL 4330/2004,14/04/2015
267841,PL 4330/2004,22/04/2015
267841,PL 4330/2004,22/04/2015
270277,PL 4474/2004,24/09/2015
339407,PL 7699/2006,05/03/2015
348730,PL 789/2007,25/03/2015
351362,PL 1057/2007,26/08/2015
372066,PL 2211/2007,25/02/2015
388449,PL 3131/2008,26/03/2015
412728,PL 4148/2008,25/03/2015
412728,PL 4148/2008,28/04/2015
537900,PL 3481/2012,31/03/2015
537900,PL 3481/2012,31/03/2015
542838,PL 3771/2012,10/03/2015
552295,PL 4246/2012,11/02/2015
580148,PL 5735/2013,14/07/2015
580148,PL 5735/2013,14/07/2015
580148,PL 5735/2013,14/07/2015
580148,PL 5735/2013,14/07/2015
580148,PL 5735/2013,14/07/2015
580148,PL 5735/2013,14/07/2015
580148,PL 5735/2013,09/09/2015
580148,PL 5735/2013,09/09/2015
580148,PL 5735/2013,09/09/2015
580148,PL 5735/2013,09/09/2015
593856,PL 6446/2013,20/10/2015
593856,PL 6446/2013,20/10/2015
593856,PL 6446/2013,20/10/2015
613662,PL 7469/2014,17/03/2015
613662,PL 7469/2014,18/03/2015
619150,PL 7735/2014,10/02/2015
619150,PL 7735/2014,27/04/2015
619150,PL 7735/2014,27/04/2015
622072,PL 7924/2014,10/03/2015
944251,PL 10/2015,20/08/2015
1049380,PL 846/2015,26/03/2015
1050643,PL 863/2015,25/06/2015
1050643,PL 863/2015,25/06/2015
1050643,PL 863/2015,25/06/2015
1050643,PL 863/2015,25/06/2015
1050643,PL 863/2015,25/06/2015
1050643,PL 863/2015,25/06/2015
1050643,PL 863/2015,25/06/2015
1050643,PL 863/2015,25/06/2015
1050643,PL 863/2015,25/06/2015
1050643,PL 863/2015,25/06/2015
1514014,PL 2016/2015,12/08/2015
1514136,PL 2020/2015,04/08/2015
1673126,PL 2750/2015,22/10/2015
1715687,PL 2960/2015,28/10/2015
1715687,PL 2960/2015,04/11/2015
1715687,PL 2960/2015,04/11/2015
1715687,PL 2960/2015,11/11/2015
1715687,PL 2960/2015,11/11/2015
1715687,PL 2960/2015,11/11/2015
1715687,PL 2960/2015,11/11/2015
552197,PL 4238/2012,29/11/2016
1594910,PL 2516/2015,06/12/2016
2078295,PL 4567/2016,05/10/2016
2078295,PL 4567/2016,05/10/2016
2078295,PL 4567/2016,05/10/2016
2078295,PL 4567/2016,05/10/2016
2078295,PL 4567/2016,24/10/2016
2078295,PL 4567/2016,24/10/2016
2078295,PL 4567/2016,24/10/2016
2078295,PL 4567/2016,09/11/2016
18467,PL 2671/1989,28/11/2017
20794,PL 4302/1998,22/03/2017
20794,PL 4302/1998,22/03/2017
20794,PL 4302/1998,22/03/2017
20794,PL 4302/1998,22/03/2017
150629,PL 2862/2004,07/11/2017
150629,PL 2862/2004,07/11/2017
537672,PL 3468/2012,09/11/2017
2024315,PL 3376/2015,16/08/2017
2088280,PL 5587/2016,04/04/2017
2088280,PL 5587/2016,04/04/2017
2118402,PL 6568/2016,15/02/2017
2122076,PL 6787/2016,26/04/2017
2122076,PL 6787/2016,26/04/2017
2122076,PL 6787/2016,26/04/2017
2122076,PL 6787/2016,26/04/2017
2122076,PL 6787/2016,26/04/2017
2122076,PL 6787/2016,26/04/2017
2122076,PL 6787/2016,27/04/2017
2122076,PL 6787/2016,27/04/2017
2122076,PL 6787/2016,27/04/2017
2129185,PL 7391/2017,12/12/2017
2129185,PL 7391/2017,12/12/2017
2129185,PL 7391/2017,12/12/2017
2151995,PL 8612/2017,04/10/2017
2151995,PL 8612/2017,05/10/2017
2153100,PL 8703/2017,04/10/2017
2153100,PL 8703/2017,04/10/2017
2156331,PL 8843/2017,18/10/2017
2156331,PL 8843/2017,18/10/2017
2156331,PL 8843/2017,18/10/2017
2164134,PL 9247/2017,06/12/2017
15318,PL 333/1999,21/03/2018
15318,PL 333/1999,27/03/2018
15318,PL 333/1999,27/03/2018
16713,PL 1428/1999,20/06/2018
16713,PL 1428/1999,20/06/2018
109150,PL 595/2003,13/03/2018
353631,PL 1202/2007,04/04/2018
353631,PL 1202/2007,04/04/2018
542102,PL 3734/2012,10/04/2018
542102,PL 3734/2012,10/04/2018
542102,PL 3734/2012,10/04/2018
542102,PL 3734/2012,11/04/2018
542102,PL 3734/2012,11/04/2018
542102,PL 3734/2012,11/04/2018
542102,PL 3734/2012,11/04/2018
542102,PL 3734/2012,11/04/2018
542102,PL 3734/2012,11/04/2018
542102,PL 3734/2012,11/04/2018
542102,PL 3734/2012,11/04/2018
604888,PL 7005/2013,06/03/2018
1214970,PL 1220/2015,06/06/2018
1214970,PL 1220/2015,06/06/2018
2088280,PL 5587/2016,28/02/2018
2088280,PL 5587/2016,28/02/2018
2158425,PL 8939/2017,19/06/2018
2158425,PL 8939/2017,19/06/2018
2158425,PL 8939/2017,19/06/2018
2158425,PL 8939/2017,19/06/2018
2158425,PL 8939/2017,19/06/2018
2158425,PL 8939/2017,20/06/2018
2158425,PL 8939/2017,20/06/2018
2158425,PL 8939/2017,20/06/2018
2158425,PL 8939/2017,20/06/2018
2158425,PL 8939/2017,20/06/2018
2158425,PL 8939/2017,20/06/2018
2158425,PL 8939/2017,20/06/2018
2158425,PL 8939/2017,04/07/2018
2158425,PL 8939/2017,04/07/2018
2158425,PL 8939/2017,04/07/2018
2166092,PL 9327/2017,06/06/2018
2177451,PL 10332/2018,04/07/2018
2177451,PL 10332/2018,04/07/2018
2177451,PL 10332/2018,04/07/2018
2177451,PL 10332/2018,04/07/2018
2177451,PL 10332/2018,04/07/2018
2177451,PL 10332/2018,04/07/2018
2177451,PL 10332/2018,04/07/2018
2177451,PL 10332/2018,10/07/2018
2177451,PL 10332/2018,10/07/2018
2177451,PL 10332/2018,10/07/2018
2177451,PL 10332/2018,10/07/2018
2177451,PL 10332/2018,10/07/2018
16526,PL 1292/1995,17/06/2019
16526,PL 1292/1995,17/06/2019
16526,PL 1292/1995,11/09/2019
16526,PL 1292/1995,11/09/2019
16526,PL 1292/1995,11/09/2019
16526,PL 1292/1995,11/09/2019
16526,PL 1292/1995,17/09/2019
28692,PL 4742/2001,12/03/2019
28692,PL 4742/2001,12/03/2019
358126,PL 1481/2007,09/12/2019
358126,PL 1481/2007,09/12/2019
2075448,PL 4067/2015,26/11/2019
2082511,PL 5082/2016,27/11/2019
2136580,PL 7596/2017,14/08/2019
2147241,PL 8240/2017,09/07/2019
2147241,PL 8240/2017,09/07/2019
2147241,PL 8240/2017,09/07/2019
2147241,PL 8240/2017,09/07/2019
2147241,PL 8240/2017,09/07/2019
2147241,PL 8240/2017,09/07/2019
2147241,PL 8240/2017,20/08/2019
2147241,PL 8240/2017,20/08/2019
2147241,PL 8240/2017,20/08/2019
2178170,PL 10372/2018,04/12/2019
2178170,PL 10372/2018,04/12/2019
2179189,PL 10431/2018,12/02/2019
2179189,PL 10431/2018,12/02/2019
2186621,PL 10985/2018,26/06/2019
2186621,PL 10985/2018,26/06/2019
2186621,PL 10985/2018,26/06/2019
2187087,PL 5029/2019 (Nº Anterior: PL 11021/2018),18/09/2019
2187087,PL 5029/2019 (Nº Anterior: PL 11021/2018),18/09/2019
2187087,PL 5029/2019 (Nº Anterior: PL 11021/2018),18/09/2019
2187087,PL 5029/2019 (Nº Anterior: PL 11021/2018),18/09/2019
2187087,PL 5029/2019 (Nº Anterior: PL 11021/2018),18/09/2019
2187087,PL 5029/2019 (Nº Anterior: PL 11021/2018),18/09/2019
2187087,PL 5029/2019 (Nº Anterior: PL 11021/2018),18/09/2019
2187087,PL 5029/2019 (Nº Anterior: PL 11021/2018),18/09/2019
2187087,PL 5029/2019 (Nº Anterior: PL 11021/2018),18/09/2019
2187087,PL 5029/2019 (Nº Anterior: PL 11021/2018),18/09/2019
2187087,PL 5029/2019 (Nº Anterior: PL 11021/2018),18/09/2019
2187087,PL 5029/2019 (Nº Anterior: PL 11021/2018),18/09/2019
2187087,PL 5029/2019 (Nº Anterior: PL 11021/2018),18/09/2019
2193540,PL 1321/2019,02/04/2019
2193540,PL 1321/2019,24/04/2019
2201529,PL 2787/2019,25/06/2019
2201532,PL 2788/2019,25/06/2019
2201532,PL 2788/2019,25/06/2019
2204056,PL 2999/2019,27/08/2019
2204056,PL 2999/2019,27/08/2019
2204056,PL 2999/2019,27/08/2019
2204056,PL 2999/2019,03/09/2019
2204056,PL 2999/2019,03/09/2019
2204056,PL 2999/2019,03/09/2019
2207613,PL 3261/2019,11/12/2019
2207613,PL 3261/2019,11/12/2019
2207613,PL 3261/2019,11/12/2019
2207613,PL 3261/2019,11/12/2019
2207613,PL 3261/2019,11/12/2019
2207613,PL 3261/2019,11/12/2019
2207613,PL 3261/2019,11/12/2019
2207613,PL 3261/2019,11/12/2019
2207613,PL 3261/2019,11/12/2019
2207613,PL 3261/2019,17/12/2019
2207613,PL 3261/2019,17/12/2019
2207613,PL 3261/2019,17/12/2019
2207613,PL 3261/2019,17/12/2019
2207613,PL 3261/2019,17/12/2019
2207613,PL 3261/2019,17/12/2019
2209381,PL 3723/2019,29/10/2019
2209381,PL 3723/2019,30/10/2019
2209381,PL 3723/2019,05/11/2019
2209381,PL 3723/2019,05/11/2019
2209381,PL 3723/2019,05/11/2019
2209381,PL 3723/2019,05/11/2019
2210523,PL 3715/2019,21/08/2019
2210523,PL 3715/2019,21/08/2019
2210523,PL 3715/2019,21/08/2019
2210523,PL 3715/2019,21/08/2019
2210523,PL 3715/2019,21/08/2019
2210523,PL 3715/2019,21/08/2019
2210523,PL 3715/2019,21/08/2019
2210523,PL 3715/2019,21/08/2019
2210523,PL 3715/2019,21/08/2019
2212362,PL 4121/2019,02/10/2019
2213200,PL 4162/2019,11/12/2019
2213200,PL 4162/2019,11/12/2019
2213200,PL 4162/2019,11/12/2019
2213200,PL 4162/2019,11/12/2019
2213200,PL 4162/2019,11/12/2019
2218250,PL 4805/2019,27/11/2019
2227917,PL 5815/2019,04/12/2019
2227917,PL 5815/2019,04/12/2019
2227917,PL 5815/2019,04/12/2019
18156,PL 2462/1991,04/05/2021
18156,PL 2462/1991,04/05/2021
18156,PL 2462/1991,04/05/2021
18156,PL 2462/1991,04/05/2021
18156,PL 2462/1991,04/05/2021
257161,PL 3729/2004,12/05/2021
257161,PL 3729/2004,12/05/2021
257161,PL 3729/2004,12/05/2021
257161,PL 3729/2004,12/05/2021
257161,PL 3729/2004,12/05/2021
257161,PL 3729/2004,12/05/2021
257161,PL 3729/2004,12/05/2021
257161,PL 3729/2004,12/05/2021
257161,PL 3729/2004,13/05/2021
257161,PL 3729/2004,13/05/2021
257161,PL 3729/2004,13/05/2021
257161,PL 3729/2004,13/05/2021
257161,PL 3729/2004,13/05/2021
257161,PL 3729/2004,13/05/2021
257161,PL 3729/2004,13/05/2021
257161,PL 3729/2004,13/05/2021
257161,PL 3729/2004,13/05/2021
257161,PL 3729/2004,13/05/2021
298943,PL 5851/2005,26/10/2021
498347,PL 886/2021 (Nº Anterior: PL 1023/2011),06/05/2021
1594917,PL 2522/2015,12/08/2021
2149785,PL 8420/2017,30/06/2021
2184326,PL 10880/2018,09/11/2021
2184326,PL 10880/2018,09/11/2021
2184458,PL 2505/2021 (Nº Anterior: pl 10887/2018),05/10/2021
2184458,PL 2505/2021 (Nº Anterior: pl 10887/2018),05/10/2021
2184458,PL 2505/2021 (Nº Anterior: pl 10887/2018),05/10/2021
2184458,PL 2505/2021 (Nº Anterior: pl 10887/2018),06/10/2021
2184973,PL 10920/2018,29/06/2021
2184973,PL 10920/2018,29/06/2021
2184973,PL 10920/2018,29/06/2021
2184973,PL 10920/2018,29/06/2021
2184973,PL 10920/2018,29/06/2021
2190265,PL 11276/2018,28/10/2021
2190730,PL 226/2019,01/07/2021
2194646,PL 1605/2019,27/10/2021
2194646,PL 1605/2019,27/10/2021
2194646,PL 1605/2019,27/10/2021
2196355,PL 1933/2019,13/07/2021
2199215,PL 2510/2019,25/08/2021
2199215,PL 2510/2019,25/08/2021
2199215,PL 2510/2019,25/08/2021
2199215,PL 2510/2019,25/08/2021
2199215,PL 2510/2019,26/08/2021
2199215,PL 2510/2019,26/08/2021
2199215,PL 2510/2019,26/08/2021
2199215,PL 2510/2019,26/08/2021
2199215,PL 2510/2019,26/08/2021
2199215,PL 2510/2019,26/08/2021
2199215,PL 2510/2019,08/12/2021
2207429,PL 3430/2019,08/06/2021
2228151,PL 5829/2019,18/08/2021
2228151,PL 5829/2019,18/08/2021
2234707,PL 6537/2019,23/11/2021
2236340,PL 21/2020,29/09/2021
2236340,PL 21/2020,29/09/2021
2236340,PL 21/2020,29/09/2021
2236340,PL 21/2020,29/09/2021
2236340,PL 21/2020,29/09/2021
2236607,PL 130/2020,28/09/2021
2241695,PL 827/2020,18/05/2021
2241695,PL 827/2020,14/07/2021
2243079,PL 1561/2020,05/05/2021
2251961,PL 2474/2020,31/03/2021
2251961,PL 2474/2020,31/03/2021
2252589,PL 2633/2020,03/08/2021
2252589,PL 2633/2020,03/08/2021
2252589,PL 2633/2020,03/08/2021
2252589,PL 2633/2020,03/08/2021
2252589,PL 2633/2020,03/08/2021
2252589,PL 2633/2020,03/08/2021
2252589,PL 2633/2020,03/08/2021
2252589,PL 2633/2020,03/08/2021
2252589,PL 2633/2020,03/08/2021
2252589,PL 2633/2020,03/08/2021
2252589,PL 2633/2020,03/08/2021
2252589,PL 2633/2020,03/08/2021
2252589,PL 2633/2020,03/08/2021
2252589,PL 2633/2020,03/08/2021
2252649,PL 2646/2020,07/07/2021
2252939,PL 2750/2020,05/10/2021
2252939,PL 2750/2020,05/10/2021
2252939,PL 2750/2020,05/10/2021
2252939,PL 2750/2020,05/10/2021
2252939,PL 2750/2020,05/10/2021
2252939,PL 2750/2020,05/10/2021
2255149,PL 3292/2020,06/05/2021
2255149,PL 3292/2020,06/05/2021
2255149,PL 3292/2020,06/05/2021
2255149,PL 3292/2020,06/05/2021
2255149,PL 3292/2020,06/05/2021
2255149,PL 3292/2020,06/05/2021
2255149,PL 3292/2020,06/05/2021
2255149,PL 3292/2020,06/05/2021
2255149,PL 3292/2020,06/05/2021
2255149,PL 3292/2020,06/05/2021
2255149,PL 3292/2020,06/05/2021
2255149,PL 3292/2020,06/05/2021
2255199,PL 3320/2020,07/10/2021
2255608,PL 6330/2019,01/07/2021
2260433,PL 4199/2020,15/12/2021
2260433,PL 4199/2020,15/12/2021
2260433,PL 4199/2020,15/12/2021
2260433,PL 4199/2020,15/12/2021
2260458,PL 4206/2020,19/08/2021
2260458,PL 4206/2020,19/08/2021
2263290,PL 4710/2020,01/07/2021
2263290,PL 4710/2020,01/07/2021
2265123,PL 3877/2020,22/06/2021
2266116,PL 5391/2020,19/08/2021
2266116,PL 5391/2020,19/08/2021
2266116,PL 5391/2020,19/08/2021
2266116,PL 5391/2020,19/08/2021
2266146,PL 4384/2020,22/06/2021
2267745,PL 5595/2020,20/04/2021
2267745,PL 5595/2020,20/04/2021
2267745,PL 5595/2020,20/04/2021
2267745,PL 5595/2020,20/04/2021
2267745,PL 5595/2020,20/04/2021
2267745,PL 5595/2020,20/04/2021
2267745,PL 5595/2020,20/04/2021
2267745,PL 5595/2020,20/04/2021
2267745,PL 5595/2020,20/04/2021
2268069,PL 3819/2020,15/12/2021
2268069,PL 3819/2020,15/12/2021
2268069,PL 3819/2020,15/12/2021
2270403,PL 486/2021,01/09/2021
2270894,PL 591/2021,05/08/2021
2270894,PL 591/2021,05/08/2021
2270894,PL 591/2021,05/08/2021
2270894,PL 591/2021,05/08/2021
2270894,PL 591/2021,05/08/2021
2270894,PL 591/2021,05/08/2021
2270894,PL 591/2021,05/08/2021
2270894,PL 591/2021,05/08/2021
2270894,PL 591/2021,05/08/2021
2270894,PL 591/2021,05/08/2021
2270894,PL 591/2021,05/08/2021
2270894,PL 591/2021,05/08/2021
2270894,PL 591/2021,05/08/2021
2270894,PL 591/2021,05/08/2021
2270894,PL 591/2021,05/08/2021
2273453,PL 813/2021,21/09/2021
2273453,PL 813/2021,21/09/2021
2273453,PL 813/2021,21/09/2021
2273453,PL 813/2021,21/09/2021
2273453,PL 813/2021,21/09/2021
2273453,PL 813/2021,21/09/2021
2273453,PL 813/2021,21/09/2021
2273453,PL 813/2021,21/09/2021
2274204,PL 948/2021,06/04/2021
2274204,PL 948/2021,06/04/2021
2274204,PL 948/2021,06/04/2021
2274204,PL 948/2021,06/04/2021
2274204,PL 948/2021,06/04/2021
2274204,PL 948/2021,06/04/2021
2274204,PL 948/2021,06/04/2021
2274204,PL 948/2021,06/04/2021
2274204,PL 948/2021,06/04/2021
2274204,PL 948/2021,06/04/2021
2274204,PL 948/2021,07/04/2021
2274204,PL 948/2021,07/04/2021
2274204,PL 948/2021,07/04/2021
2274204,PL 948/2021,07/04/2021
2275723,PL 1100/2021,22/09/2021
2276475,PL 1208/2021,15/06/2021
2276475,PL 1208/2021,15/06/2021
2277242,PL 1295/2021,29/04/2021
2279744,PL 1613/2021 (Nº Anterior: PLS 415/2015),15/07/2021
2279744,PL 1613/2021 (Nº Anterior: PLS 415/2015),15/07/2021
2279744,PL 1613/2021 (Nº Anterior: PLS 415/2015),15/07/2021
2279744,PL 1613/2021 (Nº Anterior: PLS 415/2015),15/07/2021
2279750,PL 1343/2021,15/06/2021
2280928,PL 12/2021,06/07/2021
2280928,PL 12/2021,06/07/2021
2284931,PL 4909/2020,13/07/2021
2285889,PL 2058/2021,06/10/2021
2285889,PL 2058/2021,06/10/2021
2285889,PL 2058/2021,06/10/2021
2285889,PL 2058/2021,06/10/2021
2285889,PL 2058/2021,06/10/2021
2285889,PL 2058/2021,06/10/2021
2285889,PL 2058/2021,06/10/2021
2285889,PL 2058/2021,06/10/2021
2285889,PL 2058/2021,06/10/2021
2285889,PL 2058/2021,06/10/2021
2286993,PL 5516/2019,14/07/2021
2288387,PL 2336/2021,14/07/2021
2288387,PL 2336/2021,14/07/2021
2288387,PL 2336/2021,14/07/2021
2288387,PL 2336/2021,14/07/2021
2288387,PL 2336/2021,14/07/2021
2288389,PL 2337/2021,17/08/2021
2288389,PL 2337/2021,01/09/2021
2288389,PL 2337/2021,01/09/2021
2288389,PL 2337/2021,02/09/2021
2288389,PL 2337/2021,02/09/2021
2288389,PL 2337/2021,02/09/2021
2288389,PL 2337/2021,02/09/2021
2288389,PL 2337/2021,02/09/2021
2288389,PL 2337/2021,02/09/2021
2288389,PL 2337/2021,02/09/2021
2288389,PL 2337/2021,02/09/2021
2288389,PL 2337/2021,02/09/2021
2288389,PL 2337/2021,02/09/2021
2288389,PL 2337/2021,02/09/2021
2288389,PL 2337/2021,02/09/2021
2288389,PL 2337/2021,02/09/2021
2288389,PL 2337/2021,02/09/2021
2288389,PL 2337/2021,02/09/2021
2288801,PL 2380/2021,01/12/2021
2288801,PL 2380/2021,01/12/2021
2288801,PL 2380/2021,01/12/2021
2291898,PL 2633/2021,26/10/2021
2291898,PL 2633/2021,26/10/2021
2291898,PL 2633/2021,26/10/2021
2293230,PL 2695/2021,28/09/2021
2293709,PL 4572/2019,07/10/2021
2293709,PL 4572/2019,07/10/2021
2293709,PL 4572/2019,07/10/2021
2293709,PL 4572/2019,07/10/2021
2293710,PL 783/2021,09/09/2021
2301371,PL 3418/2021,08/12/2021
2301371,PL 3418/2021,08/12/2021
2301371,PL 3418/2021,08/12/2021
2301371,PL 3418/2021,08/12/2021
2304326,PL 3754/2021 (Nº Anterior: PLS 261/2018),13/12/2021
2304326,PL 3754/2021 (Nº Anterior: PLS 261/2018),13/12/2021
2304326,PL 3754/2021 (Nº Anterior: PLS 261/2018),14/12/2021
2305189,PL 3846/2021,08/12/2021
15460,PL 442/1991,23/02/2022
15460,PL 442/1991,23/02/2022
15460,PL 442/1991,24/02/2022
15460,PL 442/1991,24/02/2022
15460,PL 442/1991,24/02/2022
15460,PL 442/1991,24/02/2022
15460,PL 442/1991,24/02/2022
15460,PL 442/1991,24/02/2022
15460,PL 442/1991,24/02/2022
26946,PL 4363/2001,14/12/2022
26946,PL 4363/2001,14/12/2022
46249,PL 6299/2002,09/02/2022
46249,PL 6299/2002,09/02/2022
46249,PL 6299/2002,09/02/2022
46249,PL 6299/2002,09/02/2022
46249,PL 6299/2002,09/02/2022
46249,PL 6299/2002,09/02/2022
46249,PL 6299/2002,09/02/2022
46249,PL 6299/2002,09/02/2022
105464,PL 252/2003,04/08/2022
105464,PL 252/2003,04/08/2022
352989,PL 1162/2007,22/03/2022
352989,PL 1162/2007,22/03/2022
352989,PL 1162/2007,22/03/2022
534328,PL 3179/2012,18/05/2022
534328,PL 3179/2012,18/05/2022
534328,PL 3179/2012,19/05/2022
534328,PL 3179/2012,19/05/2022
534328,PL 3179/2012,19/05/2022
534328,PL 3179/2012,19/05/2022
534328,PL 3179/2012,19/05/2022
534328,PL 3179/2012,19/05/2022
534328,PL 3179/2012,19/05/2022
534328,PL 3179/2012,19/05/2022
534328,PL 3179/2012,19/05/2022
534328,PL 3179/2012,19/05/2022
596844,PL 6579/2013,03/08/2022
622070,PL 7922/2014,05/05/2022
945554,PL 130/2015,07/04/2022
945554,PL 130/2015,07/04/2022
1301482,PL 1776/2015,09/11/2022
1555470,PL 4401/2021 (Nº Anterior: PL 2303/2015),29/11/2022
2144995,PL 400/2019 (Nº Anterior: PL 8086/2017),29/03/2022
2144995,PL 400/2019 (Nº Anterior: PL 8086/2017),29/03/2022
2166877,PL 9432/2017,17/02/2022
2166877,PL 9432/2017,17/02/2022
2208682,PL 1153/2019,06/07/2022
2208682,PL 1153/2019,06/07/2022
2208682,PL 1153/2019,06/07/2022
2208682,PL 1153/2019,06/07/2022
2208682,PL 1153/2019,06/07/2022
2208682,PL 1153/2019,06/07/2022
2239098,PL 643/2020,03/08/2022
2243079,PL 1561/2020,14/06/2022
2243079,PL 1561/2020,14/06/2022
2243079,PL 1561/2020,14/06/2022
2243079,PL 1561/2020,30/08/2022
2243079,PL 1561/2020,30/08/2022
2243079,PL 1561/2020,30/08/2022
2243079,PL 1561/2020,30/08/2022
2243079,PL 1561/2020,30/08/2022
2249925,PL 1998/2020,27/04/2022
2249925,PL 1998/2020,27/04/2022
2249925,PL 1998/2020,27/04/2022
2249925,PL 1998/2020,13/12/2022
2249925,PL 1998/2020,13/12/2022
2255199,PL 3320/2020,30/03/2022
2255199,PL 3320/2020,30/03/2022
2255199,PL 3320/2020,30/03/2022
2255199,PL 3320/2020,30/03/2022
2255199,PL 3320/2020,30/03/2022
2265631,PL 5284/2020,16/02/2022
2265631,PL 5284/2020,16/02/2022
2265631,PL 5284/2020,16/02/2022
2265631,PL 5284/2020,16/02/2022
2265631,PL 5284/2020,16/02/2022
2265631,PL 5284/2020,16/02/2022
2265631,PL 5284/2020,16/02/2022
2265631,PL 5284/2020,16/02/2022
2267065,PL 5516/2020,29/03/2022
2267065,PL 5516/2020,29/03/2022
2267065,PL 5516/2020,29/03/2022
2267065,PL 5516/2020,29/03/2022
2279127,PL 1518/2021,24/02/2022
2279127,PL 1518/2021,24/02/2022
2279744,PL 1613/2021 (Nº Anterior: PLS 415/2015),23/02/2022
2279744,PL 1613/2021 (Nº Anterior: PLS 415/2015),23/02/2022
2279744,PL 1613/2021 (Nº Anterior: PLS 415/2015),23/02/2022
2279744,PL 1613/2021 (Nº Anterior: PLS 415/2015),23/02/2022
2279744,PL 1613/2021 (Nº Anterior: PLS 415/2015),23/02/2022
2283448,PL 1143/2021,07/06/2022
2285889,PL 2058/2021,16/02/2022
2285889,PL 2058/2021,16/02/2022
2285889,PL 2058/2021,16/02/2022
2285889,PL 2058/2021,16/02/2022
2285889,PL 2058/2021,16/02/2022
2285889,PL 2058/2021,16/02/2022
2285889,PL 2058/2021,17/02/2022
2289980,PL 2486/2021,15/02/2022
2289980,PL 2486/2021,15/02/2022
2303528,PL 3677/2021,07/06/2022
2307548,PL 4059/2021,16/03/2022
2307548,PL 4059/2021,16/03/2022
2307548,PL 4059/2021,16/03/2022
2307548,PL 4059/2021,16/03/2022
2307548,PL 4059/2021,16/03/2022
2307548,PL 4059/2021,16/03/2022
2309053,PL 4188/2021,01/06/2022
2309053,PL 4188/2021,01/06/2022
2309053,PL 4188/2021,01/06/2022
2309053,PL 4188/2021,01/06/2022
2309053,PL 4188/2021,01/06/2022
2309053,PL 4188/2021,01/06/2022
2309053,PL 4188/2021,01/06/2022
2309053,PL 4188/2021,01/06/2022
2309053,PL 4188/2021,01/06/2022
2309053,PL 4188/2021,01/06/2022
2309053,PL 4188/2021,01/06/2022
2309349,PL 2564/2020,04/05/2022
2309349,PL 2564/2020,04/05/2022
2313396,PL 4576/2021 (Nº Anterior: PLS 486/2017),27/04/2022
2314499,PL 4491/2021,15/03/2022
2314499,PL 4491/2021,15/03/2022
2314499,PL 4491/2021,15/03/2022
2314499,PL 4491/2021,15/03/2022
2314499,PL 4491/2021,15/03/2022
2314499,PL 4491/2021,15/03/2022
2314499,PL 4491/2021,15/03/2022
2316624,PL 409/2022,28/06/2022
2316624,PL 409/2022,28/06/2022
2317622,PL 542/2022,09/11/2022
2317622,PL 542/2022,09/11/2022
2318553,PL 3188/2021,12/04/2022
2318553,PL 3188/2021,12/04/2022
2318553,PL 3188/2021,12/04/2022
2326289,PL 1280/2022,07/06/2022
2336484,PL 2703/2022,06/12/2022
2336484,PL 2703/2022,06/12/2022
2336484,PL 2703/2022,06/12/2022
2336484,PL 2703/2022,06/12/2022
2336484,PL 2703/2022,06/12/2022
2340532,PL 2896/2022,13/12/2022
2340532,PL 2896/2022,13/12/2022
2340532,PL 2896/2022,13/12/2022
345311,PL 490/2007,30/05/2023
345311,PL 490/2007,30/05/2023
345311,PL 490/2007,30/05/2023
345311,PL 490/2007,30/05/2023
345311,PL 490/2007,30/05/2023
503670,PL 1434/2011,31/10/2023
575585,PL 5496/2013,21/11/2023
575585,PL 5496/2013,21/11/2023
1548579,PL 2148/2015,21/12/2023
1548579,PL 2148/2015,21/12/2023
1548579,PL 2148/2015,21/12/2023
1548579,PL 2148/2015,21/12/2023
1548579,PL 2148/2015,21/12/2023
2115253,PL 2721/2023 (Nº Anterior: PL 6385/2016),08/11/2023
2115253,PL 2721/2023 (Nº Anterior: PL 6385/2016),08/11/2023
2115253,PL 2721/2023 (Nº Anterior: PL 6385/2016),08/11/2023
2115253,PL 2721/2023 (Nº Anterior: PL 6385/2016),08/11/2023
2115253,PL 2721/2023 (Nº Anterior: PL 6385/2016),08/11/2023
2115253,PL 2721/2023 (Nº Anterior: PL 6385/2016),08/11/2023
2125189,PL 7082/2017,29/11/2023
2125189,PL 7082/2017,29/11/2023
2125189,PL 7082/2017,29/11/2023
2125189,PL 7082/2017,29/11/2023
2125189,PL 7082/2017,29/11/2023
2190084,PL 11247/2018,29/11/2023
2190084,PL 11247/2018,29/11/2023
2190084,PL 11247/2018,29/11/2023
2194442,PL 1565/2019,21/11/2023
2224999,PL 5497/2019,03/10/2023
2224999,PL 5497/2019,03/10/2023
2224999,PL 5497/2019,03/10/2023
2224999,PL 5497/2019,03/10/2023
2224999,PL 5497/2019,03/10/2023
2224999,PL 5497/2019,03/10/2023
2231632,PL 6256/2019,05/12/2023
2231632,PL 6256/2019,05/12/2023
2285157,PL 5228/2019,21/11/2023
2299903,PL 3268/2021 (Nº Anterior: PLS 482/2017),29/11/2023
2301683,PL 3453/2021,22/03/2023
2309053,PL 4188/2021,03/10/2023
2309053,PL 4188/2021,03/10/2023
2309053,PL 4188/2021,03/10/2023
2309053,PL 4188/2021,03/10/2023
2309053,PL 4188/2021,03/10/2023
2312373,PL 4416/2021,22/11/2023
2312373,PL 4416/2021,22/11/2023
2334279,PL 2342/2022,10/05/2023
2334279,PL 2342/2022,10/05/2023
2336393,PL 2685/2022,05/09/2023
2336393,PL 2685/2022,05/09/2023
2336393,PL 2685/2022,05/09/2023
2336393,PL 2685/2022,05/09/2023
2336393,PL 2685/2022,05/09/2023
2344909,PL 2757/2022,07/11/2023
2345281,PL 3072/2022,06/11/2023
2350586,PL 1016/2023,30/08/2023
2351179,PL 1085/2023,04/05/2023
2355510,PL 1768/2023,22/11/2023
2355510,PL 1768/2023,22/11/2023
2357055,PL 1987/2023,10/05/2023
2358915,PL 2245/2023,04/10/2023
2358915,PL 2245/2023,04/10/2023
2358915,PL 2245/2023,04/10/2023
2358922,PL 2250/2023,13/06/2023
2360503,PL 2384/2023,07/07/2023
2360503,PL 2384/2023,07/07/2023
2360503,PL 2384/2023,07/07/2023
2360503,PL 2384/2023,07/07/2023
2364109,PL 2720/2023,14/06/2023
2367064,PL 2920/2023,07/07/2023
2367064,PL 2920/2023,07/07/2023
2367064,PL 2920/2023,07/07/2023
2372903,PL 334/2023,30/08/2023
2374400,PL 3626/2023,13/09/2023
2374400,PL 3626/2023,13/09/2023
2374400,PL 3626/2023,13/09/2023
2374400,PL 3626/2023,21/12/2023
2374400,PL 3626/2023,21/12/2023
2374400,PL 3626/2023,21/12/2023
2374400,PL 3626/2023,22/12/2023
2376169,PL 3780/2023,31/10/2023
2376169,PL 3780/2023,31/10/2023
2376169,PL 3780/2023,31/10/2023
2376169,PL 3780/2023,31/10/2023
2381043,PL 4035/2023,22/11/2023
2381043,PL 4035/2023,22/11/2023
2381043,PL 4035/2023,22/11/2023
2381043,PL 4035/2023,23/11/2023
2381043,PL 4035/2023,23/11/2023
2381043,PL 4035/2023,23/11/2023
2383287,PL 4173/2023,25/10/2023
2383287,PL 4173/2023,25/10/2023
2383287,PL 4173/2023,25/10/2023
2383287,PL 4173/2023,25/10/2023
2383287,PL 4173/2023,25/10/2023
2383287,PL 4173/2023,25/10/2023
2383287,PL 4173/2023,25/10/2023
2383287,PL 4173/2023,25/10/2023
2387035,PL 4426/2023,04/10/2023
2387035,PL 4426/2023,04/10/2023
2387066,PL 4438/2023,13/09/2023
2387066,PL 4438/2023,13/09/2023
2387066,PL 4438/2023,13/09/2023
2387066,PL 4438/2023,14/09/2023
2387066,PL 4438/2023,14/09/2023
2387066,PL 4438/2023,14/09/2023
2387066,PL 4438/2023,14/09/2023
2387066,PL 4438/2023,14/09/2023
2387066,PL 4438/2023,14/09/2023
2387066,PL 4438/2023,14/09/2023
2387066,PL 4438/2023,14/09/2023
2387066,PL 4438/2023,14/09/2023
2391935,PL 4287/2023,08/11/2023
2395883,PL 4994/2023,19/12/2023
2395883,PL 4994/2023,19/12/2023
2397925,PL 5086/2023,07/11/2023
2397925,PL 5086/2023,07/11/2023
2405709,PL 3954/2023,30/11/2023
1672576,PL 1829/2019 (Nº Anterior: PL 2724/2015),28/08/2024
2167882,PL 9543/2018,28/02/2024
2204088,PL 3010/2019,09/09/2024
2204088,PL 3010/2019,09/09/2024
2204088,PL 3010/2019,09/09/2024
2236291,PL 13/2020,19/06/2024
2238434,PL 528/2020,13/03/2024
2238434,PL 528/2020,13/03/2024
2238434,PL 528/2020,13/03/2024
2238434,PL 528/2020,13/03/2024
2238434,PL 528/2020,13/03/2024
2238434,PL 528/2020,13/03/2024
2238434,PL 528/2020,13/03/2024
2238434,PL 528/2020,13/03/2024
2238434,PL 528/2020,11/09/2024
2238434,PL 528/2020,11/09/2024
2269745,PL 327/2021,19/03/2024
2269745,PL 327/2021,20/03/2024
2269745,PL 327/2021,20/03/2024
2269745,PL 327/2021,20/03/2024
2269745,PL 327/2021,20/03/2024
2269745,PL 327/2021,20/03/2024
2269745,PL 327/2021,20/03/2024
2269745,PL 327/2021,20/03/2024
2323391,PL 1269/2022,28/02/2024
2324721,PL 1366/2022 (Nº Anterior: PLS 214/2015),08/05/2024
2326582,PL 1548/2022 (Nº Anterior: PLS 117/2018),16/04/2024
2349493,PL 709/2023,21/05/2024
2349493,PL 709/2023,21/05/2024
2349493,PL 709/2023,21/05/2024
2349493,PL 709/2023,21/05/2024
2349493,PL 709/2023,21/05/2024
2349493,PL 709/2023,21/05/2024
2349493,PL 709/2023,21/05/2024
2349493,PL 709/2023,21/05/2024
2349493,PL 709/2023,22/05/2024
2349493,PL 709/2023,22/05/2024
2349493,PL 709/2023,22/05/2024
2399598,PL 5230/2023,20/03/2024
2399598,PL 5230/2023,09/07/2024
2408709,PL 5813/2023,11/09/2024
2408709,PL 5813/2023,11/09/2024
2410466,PL 4266/2023,11/09/2024
2410466,PL 4266/2023,11/09/2024
2416729,PL 6233/2023,19/03/2024
2416733,PL 6235/2023,14/05/2024
2416733,PL 6235/2023,14/05/2024
2416733,PL 6235/2023,14/05/2024
2416733,PL 6235/2023,14/05/2024
2416804,PL 2/2024,19/03/2024
2416804,PL 2/2024,19/03/2024
2416804,PL 2/2024,19/03/2024
2416804,PL 2/2024,19/03/2024
2416826,PL 3/2024,26/03/2024
2417025,PL 81/2024,12/03/2024
2417025,PL 81/2024,12/03/2024
2417025,PL 81/2024,12/03/2024
2417025,PL 81/2024,12/03/2024
2419197,PL 545/2024,09/04/2024
2419197,PL 545/2024,09/04/2024
2419197,PL 545/2024,09/04/2024
2422697,PL 914/2024,28/05/2024
2422697,PL 914/2024,28/05/2024
2422697,PL 914/2024,28/05/2024
2422697,PL 914/2024,28/05/2024
2422697,PL 914/2024,28/05/2024
2422697,PL 914/2024,11/06/2024
2425883,PL 1213/2024,21/05/2024
2447183,PL 858/2024,11/07/2024
2447183,PL 858/2024,11/07/2024
2448974,PL 397/2024,14/08/2024
2448974,PL 397/2024,14/08/2024
2448974,PL 397/2024,14/08/2024
2448974,PL 397/2024,14/08/2024
2448974,PL 397/2024,14/08/2024
2452037,PL 3117/2024,18/09/2024
2452037,PL 3117/2024,18/09/2024
2454704,PL 1847/2024,11/09/2024
2454704,PL 1847/2024,11/09/2024
2454704,PL 1847/2024,11/09/2024
2454704,PL 1847/2024,11/09/2024
2454704,PL 1847/2024,12/09/2024
2454704,PL 1847/2024,12/09/2024
2454704,PL 1847/2024,12/09/2024
2454704,PL 1847/2024,12/09/2024
2454704,PL 1847/2024,12/09/2024
2454704,PL 1847/2024,12/09/2024
2454704,PL 1847/2024,12/09/2024
